2026-03-10_17-14-14,---,draft.go:2026-03-10_17-14-14
2026-03-10_17-34-54,0,draft.go:2026-03-10_17-34-54
2026-03-10_17-38-59,0,draft.go:2026-03-10_17-38-59
2026-03-10_17-39-00,0,draft.go:2026-03-10_17-38-59
2026-03-10_17-39-06,0,draft.go:2026-03-10_17-38-59
2026-03-10_17-40-19,0,draft.go:2026-03-10_17-40-19
2026-03-10_17-40-44,0,draft.go:2026-03-10_17-40-44
2026-03-10_17-43-08,0,draft.go:2026-03-10_17-43-08
2026-03-10_17-43-11,0,draft.go:2026-03-10_17-43-08
2026-03-10_17-43-43,0,draft.go:2026-03-10_17-43-08
2026-03-10_17-43-44,0,draft.go:2026-03-10_17-43-08
2026-03-10_17-43-45,0,draft.go:2026-03-10_17-43-08
2026-03-10_17-43-45,0,draft.go:2026-03-10_17-43-08
2026-03-10_17-49-20,0,draft.go:2026-03-10_17-49-20
2026-03-10_17-52-10,---,draft.go:2026-03-10_17-52-10
2026-03-10_17-53-08,0,draft.go:2026-03-10_17-52-10
2026-03-10_17-53-23,0,draft.go:2026-03-10_17-52-10
2026-03-10_17-53-27,0,draft.go:2026-03-10_17-52-10
2026-03-10_17-53-28,0,draft.go:2026-03-10_17-52-10
2026-03-10_17-53-49,---,draft.go:2026-03-10_17-53-49
2026-03-10_17-56-01,0,draft.go:2026-03-10_17-53-49
2026-03-10_17-56-02,0,draft.go:2026-03-10_17-53-49
2026-03-10_17-56-02,0,draft.go:2026-03-10_17-53-49
2026-03-10_17-56-21,---,draft.go:2026-03-10_17-53-49
2026-03-10_17-57-07,0,draft.go:2026-03-10_17-57-07
2026-03-10_17-57-09,0,draft.go:2026-03-10_17-57-07
2026-03-10_17-57-09,0,draft.go:2026-03-10_17-57-07
2026-03-10_17-57-10,0,draft.go:2026-03-10_17-57-07
2026-03-10_17-57-11,0,draft.go:2026-03-10_17-57-07
2026-03-10_17-57-11,0,draft.go:2026-03-10_17-57-07
2026-03-10_17-57-29,0,draft.go:2026-03-10_17-57-29
2026-03-10_17-58-08,---,draft.go:2026-03-10_17-57-29
